✨vibe_check✨,astro_vibe,cosmic_flow,beta_wave,dream_freq,ethereal_energy
✨cool✨,65445.0,,,,
💤low,,12345.0,,,
✨cool✨,,,,,
💤low,,,,,
💤low,,,,,
✨cool✨,,,,,
✨cool✨,,,,,
✨cool✨,,,,,
💤low,,,,,
💤low,,,,,
💤low,,,,,
✨cool✨,,,,,
✨cool✨,,,,,
✨cool✨,,,,,
💤low,,,,,
💤low,,,,,
💤low,,,,,
✨cool✨,,,,,
✨cool✨,,,,,
✨cool✨,,,,,
💤low,,,,,
✨cool✨,,,,,
💤low,,,,,
✨cool✨,,,,,
💤low,,,,,
💤low,,,,,
💤low,,,,,
✨cool✨,,,,,
✨cool✨,,,,,
💤low,,,,,
✨cool✨,,,,,
💤low,,,,,
💤low,,,,,
✨cool✨,,,,,
💤low,,,,,
✨cool✨,,,,,
✨cool✨,,,,,
✨cool✨,,,,,
✨cool✨,,,,,
✨cool✨,,,,,
✨cool✨,,,,,
✨cool✨,,,,,
💤low,,,,,
💤low,,,,,
✨cool✨,,,,,
✨cool✨,,,,,
💤low,,,,,
💤low,,,,,
💤low,,,,,
✨cool✨,,,,,
✨cool✨,,,,,
💤low,,,,,
💤low,,,,,
💤low,,,,,
✨cool✨,,,,,
💤low,,,,,
✨cool✨,,,,,
✨cool✨,,,,,
💤low,,,,,
✨cool✨,,,,,
💤low,,,,,
✨cool✨,,,,,
✨cool✨,,,,,
✨cool✨,,,,,
💤low,,,,,
💤low,,,,,
💤low,,,,,
💤low,,,,,
✨cool✨,,,,,
✨cool✨,,,,,
💤low,,,,,
✨cool✨,,,,,
💤low,,,,,
✨cool✨,,,,,
💤low,,,,,
💤low,,,,,
✨cool✨,,,,,
💤low,,,,,
💤low,,,,,
💤low,,,,,
💤low,,,,,
💤low,,,,,
✨cool✨,,,,,
✨cool✨,,,,,
💤low,,,,,
✨cool✨,,,,,
✨cool✨,,,,,
✨cool✨,,,,,
💤low,,,,,
💤low,,,,,
✨cool✨,,,,,
💤low,,,,,
💤low,,,,,
✨cool✨,,,,,
💤low,,,,,
💤low,,,,,
💤low,,,,,
💤low,,,,,
💤low,,,,,
💤low,,,,,
💤low,,,,,
💤low,,,,,
✨cool✨,,,,,
💤low,,,,,
✨cool✨,,,,,
💤low,,,,,
✨cool✨,,,,,
✨cool✨,,,,,
💤low,,,,,
✨cool✨,,,,,
✨cool✨,,,,,
💤low,,,,,
✨cool✨,,,,,
💤low,,,,,
✨cool✨,,,,,
✨cool✨,,,,,
✨cool✨,,,,,
💤low,,,,,
💤low,,,,,
✨cool✨,,,,,
✨cool✨,,,,,
✨cool✨,,,,,
✨cool✨,,,,,
✨cool✨,,,,,
💤low,,,,,
✨cool✨,,,,,
✨cool✨,,,,,
✨cool✨,,,,,
💤low,,,,,
💤low,,,,,
✨cool✨,,,,,
💤low,,,,,
✨cool✨,,,,,
💤low,,,,,
💤low,,,,,
✨cool✨,,,,,
✨cool✨,,,,,
✨cool✨,,,,,
✨cool✨,,,,,
✨cool✨,,,,,
💤low,,,,,
✨cool✨,,,,,
💤low,,,,,
✨cool✨,,,,,
✨cool✨,,,,,
💤low,,,,,
✨cool✨,,,,,
💤low,,,,,
✨cool✨,,,,,
💤low,,,,,
✨cool✨,,,,,
💤low,,,,,
💤low,,,,,
💤low,,,,,
✨cool✨,,,,,
💤low,,,,,
✨cool✨,,,,,
💤low,,,,,
✨cool✨,,,,,
💤low,,,,,
✨cool✨,,,,,
✨cool✨,,,,,
💤low,,,,,
✨cool✨,,,,,
✨cool✨,,,,,
✨cool✨,,,,,
💤low,,,,,
💤low,,,,,
💤low,,,,,
💤low,,,,,
✨cool✨,,,,,
💤low,,,,,
💤low,,,,,
💤low,,,,,
✨cool✨,,,,,
💤low,,,,,
✨cool✨,,,,,
💤low,,,,,
💤low,,,,,
✨cool✨,,,,,
💤low,,,,,
💤low,,,,,
✨cool✨,,,,,
✨cool✨,,,,,
💤low,,,,,
💤low,,,,,
✨cool✨,,,,,
💤low,,,,,
✨cool✨,,,,,
✨cool✨,,,,,
💤low,,,,,
✨cool✨,,,,,
💤low,,,,,
✨cool✨,,,,,
💤low,,,,,
💤low,,,,,
💤low,,,,,
✨cool✨,,,,,
✨cool✨,,,,,
💤low,,,,,
✨cool✨,,,,,
✨cool✨,,,,,
💤low,,,,,
💤low,,,,,
✨cool✨,,,,,
✨cool✨,,,,,
💤low,,,,,
💤low,,,,,
💤low,,,,,
💤low,,,,,
✨cool✨,,,,,
💤low,,,,,
✨cool✨,,,,,
💤low,,,,,
💤low,,,,,
💤low,,,,,
💤low,,,,,
✨cool✨,,,,,
💤low,,,,,
💤low,,,,,
✨cool✨,,,,,
✨cool✨,,,,,
✨cool✨,,,,,
💤low,,,,,
✨cool✨,,,,,
💤low,,,,,
✨cool✨,,,,,
💤low,,,,,
✨cool✨,,,,,
💤low,,,,,
✨cool✨,,,,,
💤low,,,,,
✨cool✨,,,,,
✨cool✨,,,,,
💤low,,,,,
✨cool✨,,,,,
✨cool✨,,,,,
💤low,,,,,
💤low,,,,,
💤low,,,,,
✨cool✨,,,,,
✨cool✨,,,,,
💤low,,,,,
✨cool✨,,,,,
💤low,,,,,
💤low,,,,,
✨cool✨,,,,,
💤low,,,,,
✨cool✨,,,,,
✨cool✨,,,,,
✨cool✨,,,,,
✨cool✨,,,,,
✨cool✨,,,,,
✨cool✨,,,,,
💤low,,,,,
✨cool✨,,,,,
✨cool✨,,,,,
✨cool✨,,,,,
✨cool✨,,,,,
💤low,,,,,
💤low,,,,,
💤low,,,,,
✨cool✨,,,,,
✨cool✨,,,,,
💤low,,,,,
💤low,,,,,
✨cool✨,,,,,
💤low,,,,,
💤low,,,,,
✨cool✨,,,,,
💤low,,,,,
✨cool✨,,,,,
✨cool✨,,,,,
💤low,,,,,
✨cool✨,,,,,
💤low,,,,,
✨cool✨,,,,,
💤low,,,,,
✨cool✨,,,,,
✨cool✨,,,,,
✨cool✨,,,,,
✨cool✨,,,,,
✨cool✨,,,,,
💤low,,,,,
✨cool✨,,,,,
💤low,,,,,
✨cool✨,,,,,
💤low,,,,,
💤low,,,,,
💤low,,,,,
💤low,,,,,
✨cool✨,,,,,
✨cool✨,,,,,
✨cool✨,,,,,
✨cool✨,,,,,
✨cool✨,,,,,
✨cool✨,,,,,
💤low,,,,,
✨cool✨,,,,,
💤low,,,,,
✨cool✨,,,,,
✨cool✨,,,,,
✨cool✨,,,,,
✨cool✨,,,,,
💤low,,,,,
💤low,,,,,
✨cool✨,,,,,
✨cool✨,,,,,
✨cool✨,,,,,
✨cool✨,,,,,
💤low,,,,,
💤low,,,,,
💤low,,,,,
✨cool✨,,,,,
💤low,,,,,
✨cool✨,,,,,
💤low,,,,,
✨cool✨,,,,,
✨cool✨,,,,,
💤low,,,,,
✨cool✨,,,,,
💤low,,,,,
💤low,,,,,
💤low,,,,,
✨cool✨,,,,,
✨cool✨,,,,,
💤low,,,,,
💤low,,,,,
✨cool✨,,,,,
💤low,,,,,
💤low,,,,,
💤low,,,,,
💤low,,,,,
✨cool✨,,,,,
🌈legendary,11111.0,33333.0,22222.0,44444.0,55555.0
